,course,channel_name,playlist_id
0,Curso de HTML5 Completo e GR√ÅTIS,Curso em V√≠deo,PLHz_AreHm4dlAnJ_jJtV29RFxnPHDuk9o
1,"Web Development Tutorials For Beginners In Hindi: HTML, CSS, JavaScript &amp; More",CodeWithHarry,PLu0W_9lII9agiCUZYRsvtGTXdxkzPyItg
2,JavaScript Tutorials Playlist,thenewboston,PL46F0A159EC02DF82
3,JavaScript Tutorial for Beginners,Telusko,PLsyeobzWxl7qtP8Lo9TReqUMkiOp446cV
4,Learn JavaScript In Arabic,Elzero Web School,PLDoPjvoNmBAw6p0z0Ek0OjPzeXoqlFlCh
5,JavaScript Tutorial,kudvenkat,PL6n9fhu94yhUA99nOsJkKXBqokT3MBK0b
6,üèÜ JavaScript Tutorial for beginners in Hindi / Urdu,Yahoo Baba,PL0b6OzIxLPbx-BZTaWu_AF7hsKo_Fvsnf
7,–ò–∑—É—á–µ–Ω–∏–µ JavaScript –æ—Ç –Ω—É–ª—è –¥–æ –≥—É—Ä—É,–ì–æ—à–∞ –î—É–¥–∞—Ä—å,PL0lO_mIqDDFUGX9k45bZFuz1ixTvUhd7b
8,–û—Å–Ω–æ–≤—ã JavaScript,Sorax,PL363QX7S8MfSxcHzvkNEqMYbOyhLeWwem
9,Curso de JavaScript desde 0,pildorasinformaticas,PLU8oAlHdN5BmpobVmj1IlneKlVLJ84TID
10,Curso B√°sico de Javascript desde 0,FalconMasters,PLhSj3UTs2_yVC0iaCGf16glrrfXuiSd0G
11,JavaScript Tutorial for Beginners,EJ Media,PLr6-GrHUlVf96NLj3PQq-tmEB6woZjwEl
12,Curso Gr√°tis de JavaScript e ECMAScript para Iniciantes,Curso em V√≠deo,PLHz_AreHm4dlsK3Nr9GVvXCbpQyHQl1o1
13,Code! Programming with p5.js,The Coding Train,PLRqwX-V7Uu6Zy51Q-x9tMWIv9cueOFTFA
14,Core JavaScript (Hindi),Geeky Shows,PLbGui_ZYuhiiaQjuOfvgx_-gzVBlCxrk0
15,Dasar Pemrograman dengan Javascript,Web Programming UNPAS,PLFIM0718LjIWXagluzROrA-iBY9eeUt4w
16,Introduction to JavaScript for Developers,Java Brains,PLqq-6Pq4lTTYFJxC9NLJ7dSTI5Z1WWB6K
17,JavaScript Tutorials for Beginners,The Net Ninja,PL4cUxeGkcC9i9Ae2D9Ee1RvylH38dKuET
18,Javascript beginner tutorials,Quentin Watt Tutorials,PL41lfR-6DnOrwYi5d824q9-Y6z3JdSgQa
19,Cours complet JavaScript - Tutoriel / Formation pour tous,Pierre Giraud,PLwLsbqvBlImFB8AuT6ENIg-s87ys4yGWI
20,JavaScript ÏûÖÎ¨∏ ÏàòÏóÖ (ÏÉùÌôúÏΩîÎî©),ÏÉùÌôúÏΩîÎî©,PLuHgQVnccGMA4uSig3hCjl7wTDeyIeZVU
21,JavaScript,Hitesh Choudhary,PLRAV69dS1uWTSu9cVg8jjXW8jndOYYJPP
22,JavaScript in Hindi,vishAcademy,PLHpTOkCsd2tOCiTNBm8uDvZNPf6gfYNok
23,JavaScript Tutorials In Hindi,CodeWithHarry,PLu0W_9lII9ajyk081To1Cbt2eI5913SsL
24,WEB2-JavaScript,ÏÉùÌôúÏΩîÎî©,PLuHgQVnccGMBB348PWRN0fREzYcYgFybf
25,Vanilla JavaScript,Traversy Media,PLillGF-RfqbbnEGy3ROiLWk7JMCuSyQtX
26,JavaScript Tutorials,Dani Krossing,PL0eyrZgxdwhxNGMWROnaY35NLyEjTqcgB
27,Advance JavaScript (Hindi),Geeky Shows,PLbGui_ZYuhihZ-pDxNZuQ7xOQ8IS2z3XI
28,Javascript Fundamentals,LearnCode.academy,PLoYCgNOIyGACTDHuZtn0qoBdpzV9c327V
29,Programmieren lernen mit JavaScript,Thytos,PLWjV3rrL77CAZGdXwnqJDUDXCCqh-Au-0
30,Learn Javascript HTML DOM,Elzero Web School,PLDoPjvoNmBAxx97QDMOCpzxbu1ZHJ4i7i
31,Bangla JavaScript Tutorial (JS Fundamentals),Training with Live Project,PLTydW-y9HsbSkJnc46Nk0el6118z9XaVO
32,Javascript Dersleri (T√ºrk√ße) - Yakƒ±n Kamp√ºs,Yakƒ±n Kamp√ºs,PLWctyKyPphPj2KD1CTuBa_xjK8zjRS9jX
33,JavaScript Objects and Prototypes In-depth,Java Brains,PLqq-6Pq4lTTaflXUL0v3TSm86nodn0c_u
34,JavaScript Scopes and Closures In-depth,Java Brains,PLqq-6Pq4lTTZ_LyvzfrndUOkIvOF4y-_c
35,JavaScript A-Z 2020,CodersX,PLkY6Xj8Sg8-uPZnTdScfuH0xD-O6Kb-V-
36,JavaScript Tutorials,Programming with Mosh,PLTjRvDozrdlxEIuOBZkMAK5uiqp8rHUax
37,advanced javascript tutorial,techsith,PL7pEw9n3GkoW5bYOhVAtmJlak3ZK7SaDf
38,Apprendre le JavaScript,Grafikart.fr,PLjwdMgw5TTLVzD9Jq_WBd1crqDwXRn4cw
39,Javascript Tutorial For Beginners,LearnCode.academy,PLoYCgNOIyGACnrXwo5HMCfOH9VT05znGv
40,Curso JavaScript,jonmircha,PLvq-jIkSeTUZ6QgYYO3MwG9EMqC-KoLXA
41,JavaScript Tutorials for beginners in Hindi 2019,Thapa Technical,PLwGdqUZWnOp1hqyT6h7pY0RlXIIGlE5U0
42,JavaScript Tutorial | Mr. Subba Raju,Naresh i Technologies,PLVlQHNRLflP-ByWEVjCZAj79kJdshKQwu
43,javascript Bangla Tutorials 2021 (Beginner to Advanced),Anisul Islam,PLgH5QX0i9K3qzryglMjcyEktz4q7ySunX
44,JavaScript DOM Tutorial,The Net Ninja,PL4cUxeGkcC9gfoKa5la9dsdCNpuey2s-V
45,Javascript c∆° b·∫£n 2020,F8 Official,PL_-VfJajZj0VgpFpEVFzS5Z-lkXtBe-x5
46,JavaScript DOM,Abdullah Almehmadi,PL1C9145FD1FDB3577
47,–°–ª–æ–∂–Ω—ã–π JavaScript –ø—Ä–æ—Å—Ç—ã–º —è–∑—ã–∫–æ–º,–í–ª–∞–¥–∏–ª–µ–Ω –ú–∏–Ω–∏–Ω,PLqKQF2ojwm3l4oPjsB9chrJmlhZ-zOzWT
48,–û—Å–Ω–æ–≤—ã javascript,loftblog,PLY4rE9dstrJymG1GyPLgOKsJNq9r-p6pX
49,JavaScript Dersleri,Fehmi UYAR,PLY20HpFruiK12kqke7T5OQVu1BK2ELQL8
50,JavaScript Basics Course,freeCodeCamp.org,PLWKjhJtqVAbk2qRZtWSzCIN38JC_NdhW5
51,CS50&#39;s Web Programming with Python and JavaScript,CS50,PLhQjrBD2T382hIW-IsOVuXP1uMzEvmcE5
52,Curso de Javascript (Desarrollo web en entorno cliente),Ada Lovecode - Didacticode,PLI7nHlOIIPOJtTDs1HVJABswW-xJcA7_o
53,javaScript tutorials for beginners in Hindi,websofttutorials,PLZdjW012sjggNRx20B6DVLt6FKYqXfUGi
54,Belajar javascript untuk pemula,Sekolah Koding,PLCZlgfAG0GXAiH1acKFPx8EtpJAq44gjP
55,JavaScript ES6 / ES2015 Tutorials,Traversy Media,PLillGF-RfqbZ7s3t6ZInY3NjEOOX7hsBv
56,Object Oriented JavaScript,The Net Ninja,PL4cUxeGkcC9i5yvDkJgt60vNVWffpblB7
57,JavaScript Lernen f√ºr Anf√§nger bis Profis,The Morpheus Tutorials,PLNmsVeXQZj7qOfMI2ZNk-LXUAiXKrwDIi
58,JavaScript for beginners ÿßÿ≥ÿßÿ≥Ÿäÿßÿ™ ÿßŸÑÿ¨ÿßŸÅÿß ÿ≥ŸÉÿ±ÿ®ÿ™,TheNewBaghdad,PLF8OvnCBlEY0fv5T2yTMroCAjKEcWV770
59,Curso de JavaScript para principiantes,Jes√∫s Conde,PLEtcGQaT56cij4cilDUzKYcu6-wW44kTx
60,JavaScript for Web Browser (ÏÉùÌôúÏΩîÎî©),ÏÉùÌôúÏΩîÎî©,PLuHgQVnccGMDTAQ0S_FYxXOi1ZJz4ikaX
61,JavaScript Á∂≤È†ÅÂâçÁ´ØÂ∑•Á®ãÂÖ•ÈñÄÊïôÂ≠∏,ÂΩ≠ÂΩ≠ÁöÑË™≤Á®ã,PL-g0fdC5RMbpqZ0bmvJTgVTS4tS3txRVp
62,Javascript,PHP-MySQL by Saurabh Shukla Sir,PLEiPMJpUdbj7t8YCcKvame-RBlNIQeh01
63,Curso de Javascript - Para quem quer aprender Javascript de verdade de forma objetiva e clara,CFBCursos,PLx4x_zx8csUj3IbPQ4_X5jis_SkCol3eC
64,Curso de JavaScript (Universidade XTI),Java&Cia,PLxQNfKs8YwvEk85FbeXxDnFecAntIQdRf
65,Curso de javaScript,codigofacilito,PLpOqH6AE0tNhQ3KW1DPc18xZfLfjX5Xuz
66,Javascript dan DOM (Document Object Model),Web Programming UNPAS,PLFIM0718LjIWB3YRoQbQh82ZewAGtE2-3
67,–£—Ä–æ–∫–∏ JavaScript —Å –Ω—É–ª—è (–Ω—É –≤–∞—â–µ —Å –Ω—É–ª—è),IT-KAMASUTRA,PLcvhF2Wqh7DPD5sRK3lw4bjBsKdgY2bPi
68,JavaScript tutorial for beginners in Urdu/Hindi,Fiaz Waheed,PLyRp6eha-9djA3puSOYHENI_II4W1zc7n
69,Modular Javascript,LearnCode.academy,PLoYCgNOIyGABs-wDaaxChu82q_xQgUb4f
70,–ü—Ä–∞–∫—Ç–∏–∫–∞ JavaScript,Web Developer Blog,PLVfMKQXDAhGW0p_BEEe47UkCgNoS_dyki
71,JavaScript30,Wes Bos,PLu8EoSxDXHP6CGK4YVJhL_VWetA865GOH
72,Javascript For Beginners,Dev Ed,PLDyQo7g0_nsX8_gZAB8KD1lL4j4halQBJ
73,Curso de Javascript Completo GR√ÅTIS!,keven jesus,PLBnXXDBNZQpJKH1Fx2EAbKbG9p_dV_pKW
74,Javascript course,Hitesh Choudhary,PLRAV69dS1uWSxUIk5o3vQY2-_VKsOpXLD
75,‚ù§ JAVASCRIPT ‚ù§ Curso Espa√±ol [Desde Cero],Bluuweb !,PLPl81lqbj-4I11QPam9ApoT7tGbmyBg9P
76,JAVASCRIPT LANJUTAN,Web Programming UNPAS,PLFIM0718LjIUGpY8wmE41W7rTJo_3Y46-
77,Curso em V√≠deo - JavaScript,Jorge Cl√™nio,PLntvgXM11X6pi7mW0O4ZmfUI1xDSIbmTm
78,Javascript - Programming Language | Tutorial,Mike Dane,PLLAZ4kZ9dFpPQbcrA-SzALJeFm23tPrAI
79,Curso de Javascript para iniciantes,RBtech,PLInBAd9OZCzxl38aAYdyoMHVg0xCgxrRx
80,ÿØŸàÿ±ÿ© ÿ™ÿπŸÑŸÖ JavaScript ŸÖŸÜ ÿßŸÑÿµŸÅÿ± ÿ≠ÿ™Ÿâ ÿßŸÑÿßÿ≠ÿ™ÿ±ÿßŸÅ,Coder Shiyar,PLMTdZ61eBnyp1nMM8mGRzpwuu6FNxFy0D
81,Corso JavaScript livello base,AndreaRizzieri,PL1fahJjBIbre8chMLg-Cdocz8flV5k4Cu
82,ÿ™ÿπŸÑŸÖ ÿ¨ÿßŸÅÿß ÿ≥ŸÉÿ±Ÿäÿ®ÿ™ JavaScript,Hassouna Academy,PLHIfW1KZRIfmiYYwt29BG7N9zzsd-jLRQ
83,JavaScript,Rodrigo Branas,PLQCmSnNFVYnT1-oeDOSBnt164802rkegc
84,Modern JavaScript Tutorial,The Net Ninja,PL4cUxeGkcC9haFPT7J25Q9GRB_ZkFrQAc
85,Javascript Examples &amp; Tutorials,Elzero Web School,PLDoPjvoNmBAxhsMvDrXldKClH7FdE8WSf
86,Curso de Javascript desde 0,Dorian Desings,PLROIqh_5RZeBAnmi0rqLkyZIAVmT5lZxG
87,JavaScript Video Tutorial,Derek Banas,PLBA965A22D89CF13B
88,Programowanie w JavaScript od podstaw w 1 miesiƒÖc,Samuraj Programowania,PLTs20Q-BTEMPRSzhrlAuu7yus1BuOLVrS
89,JavaScript All You Need to Know | JS Bangla Tutorial | Stack Learner,Stack Learner,PL_XxuZqN0xVAu_dWUVFbscqZdTzE8t6Z1
90,Namaste üôè JavaScript,Akshay Saini,PLlasXeu85E9cQ32gLCvAvr9vNaUccPVNP
91,"Osnove HTML, CSS i JavaScript",Milan Tair,PL-UTrxF0y8kKGrBg1OaBhoP8PWdJqR5Qg
92,JavaScript ES6 Tutorials,The Net Ninja,PL4cUxeGkcC9gKfw25slm4CUDUcM_sXdml
93,JavaScript Tutorials,freeCodeCamp.org,PLWKjhJtqVAbleDe3_ZA8h3AO2rXar-q2V
94,Corso Javascript (ES6) ITA,fcamuso,PL0qAPtx8YtJceyk5_NpNvLbbkrmfX9kkw
95,Working with Data and APIs in JavaScript,The Coding Train,PLRqwX-V7Uu6YxDKpFzf_2D84p0cyk4T7X
96,Advanced JavaScript Tutorial in Hindi 2020,Thapa Technical,PLwGdqUZWnOp0hSGwasCjbrWSPrEKqB_kz
97,Javascript Basics,Udacity,PLAwxTw4SYaPmtf5v3hefG5seVynUtV9T8
98,JavaScript —É—Ä–æ–∫–∏. –ü–æ–ª–Ω—ã–π –∫—É—Ä—Å (2020)  Light,Victor Stork,PL30ZzYn5yk1nTwPgLnS1zPxOBjC4vEQ4z
99,T·ª± h·ªçc Javascript - L·∫≠p tr√¨nh Javascript,ZendVN - H·ªçc L·∫≠p Tr√¨nh Online,PLv6GftO355AvAl13CUVcVvWu0hOZnpfW8
100,Learn Javascript Bom,Elzero Web School,PLDoPjvoNmBAy9nFRJgVYgEID8xE2a6q6V
101,Basic to Advanced JavaScript Tutorials 2020,Freelancer Nasim,PLNa0O-WeED7xs-nJ6z6LpQJYUNH5tj3Z9
102,JavaScript Advanced 2020,CodersX,PLkY6Xj8Sg8-tVbSFcv-p1yOaHiG8fo0kP
103,Beginner&#39;s Series to: JavaScript,Microsoft Developer,PLlrxD0HtieHhW0NCG7M536uHGOtJ95Ut2
104,„ÅØ„Åò„ÇÅ„Å¶„ÅÆJavaScriptÂÖ•ÈñÄË¨õÂ∫ß,TechAcademy [„ÉÜ„ÉÉ„ÇØ„Ç¢„Ç´„Éá„Éü„Éº],PLjw-30bsJNVUpFTm9FDof8B91uI3iorDH
105,Object Creation in JavaScript,Fun Fun Function,PL0zVEGEvSaeHBZFy6Q8731rcwk0Gtuxub
106,16: Topics of JavaScript/ES6-ES8 - p5.js Tutorial,The Coding Train,PLRqwX-V7Uu6YgpA3Oht-7B4NBQwFVe3pr
107,Building a real startup with Python and JavaScript,CS Dojo,PLBZBJbE_rGRXBhJNdKbN7IUy-ctlOFxA1
108,JavaScript Tutorial Italiano Completo,Achille1789,PLYrQFCVhfFIvLARCdl9q5WyPnfRBX4rUT
109,ÿØŸàÿ±ÿ©  JavaScript  ÿ®ÿßŸÑÿπÿ±ÿ®Ÿä,Muhammed Essa,PLMYF6NkLrdN-YRGdm0LghElMhz-7O_DL8
110,JavaScript Tutorials,Chidre'sTechTutorials,PLdE8ESr9Th_seeZTebEFavp257vds9ph5
111,JavaScript with ASP.NET tutorial,kudvenkat,PL6n9fhu94yhUlURq2QyAu_ABMcY1dcxtS
112,„ÄêÂ∞öÁ°ÖË∞∑„ÄëJavaScriptÊïôÁ®ãËßÜÈ¢ë 140ÈõÜÂÆûÊàòÊïôÂ≠¶Ôºå‰ªéÂÖ•Èó®Âà∞Á≤æÈÄö 2019ÈÄÇÂêàÈõ∂Âü∫Á°ÄbyÊùéÁ´ãË∂Ö „ÄêÊèê‰æõÊ∫êÁ†ÅÁ¨îËÆ∞„Äë,Â∞öÁ°ÖË∞∑ITÂüπËÆ≠Â≠¶Ê†°,PLmOn9nNkQxJFubqN777c_nScnJ4dpEYMT
113,Learn JavaScript on the Now Platform,ServiceNow Dev Program,PL3rNcyAiDYK2_87aRvXEmAyD8M9DARVGK
114,JavaScript Big Tutorials,Elzero Web School,PLDoPjvoNmBAz7_BgzvNcOaE-m_SnE4jiT
115,H·ªçc Javascript c∆° b·∫£n v√† n√¢ng cao,Th∆∞ Vi·ªán L·∫≠p Tr√¨nh,PLLAJJPGNwNkgMIv4MMe08xLYJyHWqrjut
116,JavaScript,Caleb Curry,PL_c9BZzLwBRLVh9OdCBYFEql6esA6aRsi
117,Java Script cƒÉn b·∫£n cho ng∆∞·ªùi m·ªõi b·∫Øt ƒë·∫ßu,TEDU Channel,PLRhlTlpDUWsxVCluXaURF6NA_Q6uTSBFm
118,Cours Javascript,John Taieb,PL5BcU-_5Oa_opds6Nbnx5xUk_6D_8IrMl
119,Î™®Îçò ÏõπÏùÑ ÏúÑÌïú JavaScript + jQuery ÏûÖÎ¨∏ 3Ìåê,Ïú§Ïù∏ÏÑ±,PLBXuLgInP-5kLy13XLuK8iBWVFDBJygYr
120,Beginners Guide to Machine Learning in JavaScript,The Coding Train,PLRqwX-V7Uu6YPSwT06y_AEYTqIwbeam3y
121,"JavaScript —Å –Ω—É–ª—è [ üë±‚Äç‚ôÇÔ∏è–£—Ä–æ–≤–µ–Ω—å 1 ] - –ú–æ—Ç–∏–≤–∞—Ü–∏—è, –°—Ç–∞–Ω–¥–∞—Ä—Ç—ã, –ü–µ—Ä–µ–º–µ–Ω–Ω—ã–µ, –§—É–Ω–∫—Ü–∏–∏, –û–±—ä–µ–∫—Ç—ã –∏ —Ç.–¥.",DKA-DEVELOP,PLD5U-C5KK50VWFZyPlV7OaSgoPjLA3r--
122,Javascript  (Darija) ÿ¨ÿßŸÅÿßÿ≥ŸÉÿ±Ÿäÿ®ÿ™ ÿ®ÿßŸÑÿØÿßÿ±ÿ¨ÿ©,EL BAHJA academy,PLZgKgfug7rBvPEr-ph51Ul0tmDWKmjlLI
123,"Create Template With HTML, CSS3, JavaScript",Elzero Web School,PLDoPjvoNmBAzvmpzF-6l3tAviiCPbwkB8
124,Javascript Tutorial For Beginners,ProgrammingKnowledge,PLS1QulWo1RIZ4erAYe3k8zWA5jAu72mVa
125,Javascript Full Playlist with Order,Stack Learner,PL_XxuZqN0xVAJTV_1ZXwB1XIiFkK0ddZA
126,JavaScript From The Start,Steve Griffith,PLyuRouwmQCjkYdv4VjuIbvcMZVWSdOm58
127,JavaScript 2.0,WebDev —Å –Ω—É–ª—è. –ö–∞–Ω–∞–ª –ê–ª–µ–∫—Å–∞ –õ—É—â–µ–Ω–∫–æ,PLM7wFzahDYnEltE-aVGhRHYPwIJn0Xquu
128,Aprende a hacer un juego en Javascript,Java Dev One,PLN9W6BC54TJLlH57qvG2aN9F99xaAk6Df
129,Vanilla Javascript Tutorials,Dev Ed,PLDyQo7g0_nsXlSfuoBpG5Fgz0Qe3IvWnA
130,JAVASCRIPT 2020,free udemy,PLA5kSHEE2hqclxI240316vu1XeTxor8Vn
131,JavaScript –†–µ—à–∞–µ—Ç,WebDev —Å –Ω—É–ª—è. –ö–∞–Ω–∞–ª –ê–ª–µ–∫—Å–∞ –õ—É—â–µ–Ω–∫–æ,PLM7wFzahDYnG-oMkclNX0FIcLZR18hFDM
132,JavaScriptË¨õÂ∫ß,„Åó„Åæ„Å∂„Éº„ÅÆITÂ§ßÂ≠¶,PLwM1-TnN_NN7-zdRV8YsGUB82VVhfYiWW
133,HTML / CSS / Javascript / jQuery Êñ∞ÊâãÁ∂≤Á´ôÁ∑ö‰∏äË™≤Á®ãÊïôÂ≠∏,Progress Bar ÈÄ≤Â∫¶Ê¢ùÁ∑ö‰∏äË™≤Á®ã,PL2SrkGHjnWcwfkYtccRowRAxWE6TakOjC
134,ÏûêÎ∞îÏä§ÌÅ¨Î¶ΩÌä∏(Javascript) Í∞ïÏùò Í∞ïÏ¢å Quick Start  + DOM ÌîÑÎ°úÍ∑∏ÎûòÎ∞ç  for VanillaJS,Îâ¥Î†âÏ≤ò,PLq8wAnVUcTFWhQrIXNN6kPYXJA6X2IQM4
135,Modern JavaScript ES6 Tutorial in Hindi in 2020,Thapa Technical,PLwGdqUZWnOp19VX-DM4oHtmWhDfWblFh-
136,JavaScript Interview Question Preparation,techsith,PL7pEw9n3GkoWn5TcqAdmSzXcvC3d_tfAh
137,JavaScript,LES TEACHERS DU NET,PLlxQJeQRaKDQVpSsy6ORfpamB-x6cEpgF
138,The 10 Days of JavaScript,LearnWebCode,PLpcSpRrAaOaoIqHQddZOdbRrzr5dJtgSs
139,H·ªçc JavaScript,th√¢n tri·ªáu,PLE1qPKuGSJaDd2AiY_FkSJ2TVyuDal_k8
140,JavaScript and the HTML DOM - Tutorial Playlist,freeCodeCamp.org,PLWKjhJtqVAbllLK6r2dnGjUVWB_cFNcuO
141,Crockford on JavaScript,YUI Library,PL7664379246A246CB
142,"Curso HTML5, CSS3 y JavaScript Gratis",OpenWebinars,PLf8XMtbjh0dVdJEru1dWygVwpOpx6TfG-
143,Corso JavaScript livello intermedio,AndreaRizzieri,PL1fahJjBIbrc_qfzlyeZotww4otgWyMwH
144,Data Structures and Algorithms - Beau teaches JavaScript,freeCodeCamp.org,PLWKjhJtqVAbkso-IbgiiP48n-O-JQA9PJ
145,◊û◊ì◊®◊ô◊ö Javascript,◊ê◊ú◊ô ◊†◊¢◊ô◊ù - ◊û◊ì◊®◊ô◊ö ◊ú◊™◊õ◊†◊ï◊™,PLEtZq1oDporgAWT3JJdj9ZJb2nY2dvSdb
146,JavaScript asoslari,Farkhod Dadajanov,PL_WK6W0Gn1I7bL0pRUxYSbTj6g8tHU6Yq
147,JavaScriptÂÖ•ÈñÄ,„ÉÅ„É•„Éº„Éà„É™„Ç¢„É´ÈÅìÂ†¥,PLXOP1_-wmgsCGDvxHpXZCiT00PvJvltOK
148,Learn JavaScript OOP,Elzero Web School,PLDoPjvoNmBAzLyvrWPwMw6bbBlTwPxgLF
149,Best Javascript Tutorial For Beginners in Telugu,SEO Skills,PLp0XgOsoW2Xbr6NjcD0X4Kv-B8GXblXGs
150,Best Javascript Tutorial For Beginners in Telugu,SEO Skills,PLp0XgOsoW2Xbr6NjcD0X4Kv-B8GXblXGs
151,Aprende JavaScript esencial en espa√±ol,Wmedia by Juan Andr√©s N√∫√±ez,PLM-Y_YQmMEqAedHjvY3_v7EfGfFCHXYHv
152,JavaScript in Telugu || JavaScript in Telugu by Kotha Abhishek,KOTHA ABHISHEK,PLv_sM9ZH4RUW_Pgz-6B0Q-YTfWvC7RVFN
153,JavaScript Object Oriented Programming,ÏÉùÌôúÏΩîÎî©,PLuHgQVnccGMAMctarDlPyv6upFUUnpSO3
154,"HTML, CSS, and Javascript for Web Developers",intrigano,PL2jykFOD1AWaTJqB6v2cwJe_qFfCdR9yF
155,JavaScript by manideep,Durga Software Solutions,PLd3UqWTnYXOmddZ5sXdfs-mEhLh9I6nAR
156,Javascript Full Course in Tamil - In Depth Javascript Tutorials in Tamil,Tamil Developer,PLpYn3LR7eQI3hjh129Bkqkw7onut28hTK
157,Javascript Coding Challenges 2017,whatsdev,PLkBfv4fGBau-q9tGBUgVoGClRsSBiiZm8
158,Curso de JavaScript - Programa√ß√£o para Web,B√≥son Treinamentos,PLucm8g_ezqNrXkDWHtgvtU9RGuauEs_xz
159,"Build a Quiz App with HTML, CSS, and JavaScript",James Q Quick,PLDlWc9AfQBfZIkdVaOQXi1tizJeNJipEx
160,Javascript [HUN],TheHUNTutorials,PLuYHIg_0xQJsiwA4jrXTWaIdqMGJQ4sAU
161,L·∫≠p tr√¨nh Nodejs: X·ª≠ l√Ω b·∫•t ƒë·ªìng b·ªô trong Javascript v·ªõi Promise v√† Async ‚Äì Await,Trung T√¢m ƒê√†o T·∫°o Tin H·ªçc Khoa Ph·∫°m,PLzrVYRai0riRaLjgZe00gPMyLI1NdWcpL
162,Super Mario Bros in JavaScript,Meth Meth Method,PLS8HfBXv9ZWWe8zXrViYbIM2Hhylx8DZx
163,Javascript Tutorials,codedamn,PLYxzS__5yYQlwfMje_MxQPb18tXtCJbfR
164,corso Javascript - 2019 italiano,Andrea Tomasello,PL1hmRmW_B-wLJm5RWXpJK01Ry1CrJEEcB
165,Javascript Algorithms + Data Structures,KodingKevin,PLn2ipk-jqgZiAHiA70hOxAj8RMUeqYNK3
166,javascript tutorial in malayalam,Tintu Vlogger,PLBKJGko2JEdF4irCbI5BdHIEfxEdfMNqA
167,–ë–∞–∑–æ–≤—ã–π JavaScript,–ê–Ω–¥—Ä–µ–π –ê–Ω–¥—Ä–∏–µ–≤—Å–∫–∏–π,PLMB6wLyKp7lWhGCKhJVII3ag-KfH1qz6U
168,–í–∏–¥–µ–æ–∫—É—Ä—Å –ø–æ JavaScript Advanced,ITVDN,PLvItDmb0sZw_-AAcqd6XeZxJMKdv55_mS
169,–ö—É—Ä—Å JavaScript - –û—Å–Ω–æ–≤—ã JS WEB,WebUpBlog - –£—Ä–æ–∫–∏ –≤–µ–± —Ä–∞–∑—Ä–∞–±–æ—Ç–∫–∏,PL5FCJIdFxiLl0tFixxTFWDspnOqPKgjg4
170,Object Oriented Programming in JavaScript,techsith,PL7pEw9n3GkoW0ceMeoycg9D00YjPAbtvt
171,JavaScript Promises,The Coding Train,PLRqwX-V7Uu6bKLPQvPRNNE65kBL62mVfx
172,–í–∏–¥–µ–æ–∫—É—Ä—Å –ø–æ JavaScript Essential,ITVDN,PLvItDmb0sZw8opJURj5eHdfdU5bnnhE5W
173,–ö—É—Ä—Å JavaScript Basic (ES6),EasyCode,PLlwtdxQXoJAtV52YQ4wZIqEg4-Q0vIgzh
174,JavaScript Full Tutorial in Hindi,Sahosoft Solutions,PL_qizAfcpJ-MJhh9DqbaFQ2aKZutCbyGp
175,JavaScript SEO,Google Search Central,PLKoqnv2vTMUPOalM1zuWDP9OQl851WMM9
176,Asynchronous JavaScript (2020 version),The Net Ninja,PL4cUxeGkcC9jx2TTZk3IGWKSbtugYdrlu
177,Tutoriales Javascript intermedio/avanzado,latincoder,PLAAhC8kCE0VlfmKREk2JJ-hFRPpTl3Daq
178,Curso de JavaScript desde cero - Principiantes,Bluuweb !,PLPl81lqbj-4J_AQ3YYnzusbt7FpeL2oea
179,Must-know JavaScript Features,Fun Fun Function,PL0zVEGEvSaeHJppaRLrqjeTPnCH6vw-sm
180,◊¢◊ï◊†◊î 3 - ◊ú◊ô◊û◊ï◊ì JAVA SCRIPT,"◊û◊ê◊†◊ß◊ô◊° - ◊ú◊ô◊û◊ï◊ì HTML 5 , ◊§◊ú◊ê◊© , PHP , JAVA SCRIPT , CSS - ◊¢◊ï◊§◊® ◊©◊ú◊ô ◊û◊ì◊®◊ô◊ö / ◊û◊ï◊®◊î ◊§◊®◊ò◊ô",PLP-UKVDk32Jgw-sE0-UPIq-O1WIeemlth
181,"HTML, CSS, JavaScript, Bootstrap Tutorial by Harsha Sir",Durga Software Solutions,PLd3UqWTnYXOnHZNpQwS0dBs_elseOuPVB
182,Beau teaches JavaScript,freeCodeCamp.org,PLWKjhJtqVAbmoiNlqLJg1gxEjEuKHHcn_
183,JavaScript Training Videos in Telugu - VlrTraining,VLR Training,PLXx2-0oYp1LMPHTbwFkLV2rRTw1q4eMx3
184,–ë–ï–°–ü–õ–ê–¢–ù–´–ô –∫—É—Ä—Å –ø–æ JAVASCRIPT 2020. –£—Ä–æ–∫–∏ JavaScript —Å –Ω—É–ª—è,–§—Ä–∏–ª–∞–Ω—Å–µ—Ä –ø–æ –∂–∏–∑–Ω–∏ - IT –∏ —Ñ—Ä–∏–ª–∞–Ω—Å,PLM6XATa8CAG7DDIBjNVd78Fv5Ueo930IV
185,JavaScript Design Patterns,webDev,PLNkWIWHIRwMGzgvuPRFkDrpAygvdKJIE4
186,JavaScript ES6 Tutorial Bangla,Rabbil Hasan,PLkyGuIcLcmx2Fw5adzhL7q9fJ0PQoU3i7
187,Video Corso Javascript ITA,fcamuso,PL1A447BA7F7F9EB9E
188,Codecademy : Javascript,Caleb H,PLB98B2D1887BCDE24
189,JavaScript tutorial for Beginners,Automation Step by Step - Raghav Pal,PLhW3qG5bs-L9MspCEDoTa4TuGJ3K9k9F_
190,JavaScript Interview Questions,Steve Griffith,PLyuRouwmQCjlLW9NjqoBbf9eVaFX4F9UZ
191,ES6 for Beginners - Modern JavaScript,MySirG.com,PL7ersPsTyYt2J6lT_66xNBuUI_tqt5niK
192,JavaScript Tutorijali za Pocetnike,Programiranje Tutorijali,PLDEPU7oft31mUaD7mHfgc1K-KimdwbWCC
193,Unit testing in Javascript,Fun Fun Function,PL0zVEGEvSaeF_zoW9o66wa_UCNE3a7BEr
194,Javascript Projects,Coding Addict,PLnHJACx3NwAey1IiiYmxFbXxieMYqnBKF
195,JavaScript,Syed Mushtaq ahmed,PLeJkRo2LudJkX0F5iK6Vikc_7Klufd_QI
196,Form Validation in JavaScript in Hindi 2017,Thapa Technical,PLwGdqUZWnOp0j0wDMDapjCSS6YdPvmUMJ
197,JavaScript Fundamentals,techsith,PL7pEw9n3GkoVYU-ZKBrDnxIiiUn0YP-uO
198,ÿ¢ŸÖŸàÿ≤ÿ¥ ŸÅÿßÿ±ÿ≥€å ÿ¨ÿßŸàÿß ÿßÿ≥⁄©ÿ±€åŸæÿ™ ŸÖŸÇÿØŸÖÿßÿ™€å ÿ™ÿß Ÿæ€åÿ¥ÿ±ŸÅÿ™Ÿá - JavaScript Tutorial,kalagar,PLV6mGBuPqmYuZEAJN7IBxkdNCzKXAGpqD
199,Learn Javascript 2017 (Complete Javascript Course),whatsdev,PLkBfv4fGBau8fiRFU5WytRjXFJmBWhHXQ
200,Beau teaches JavaScript,freeCodeCamp.org,PLWKjhJtqVAbmoiNlqLJg1gxEjEuKHHcn_
201,JavaScript Training Videos in Telugu - VlrTraining,VLR Training,PLXx2-0oYp1LMPHTbwFkLV2rRTw1q4eMx3
202,–ë–ï–°–ü–õ–ê–¢–ù–´–ô –∫—É—Ä—Å –ø–æ JAVASCRIPT 2020. –£—Ä–æ–∫–∏ JavaScript —Å –Ω—É–ª—è,–§—Ä–∏–ª–∞–Ω—Å–µ—Ä –ø–æ –∂–∏–∑–Ω–∏ - IT –∏ —Ñ—Ä–∏–ª–∞–Ω—Å,PLM6XATa8CAG7DDIBjNVd78Fv5Ueo930IV
203,Hitesh Choudhary Javascript Playlist - In the right order! (If I made a mistake let me know),Sam Damask,PLF1prIMD1zh5wAhraIUvi710z55A5-Wdi
204,JavaScript Design Patterns,webDev,PLNkWIWHIRwMGzgvuPRFkDrpAygvdKJIE4
205,JavaScript ES6 Tutorial Bangla,Rabbil Hasan,PLkyGuIcLcmx2Fw5adzhL7q9fJ0PQoU3i7
206,Codecademy : Javascript,Caleb H,PLB98B2D1887BCDE24
207,JavaScript tutorial for Beginners,Automation Step by Step - Raghav Pal,PLhW3qG5bs-L9MspCEDoTa4TuGJ3K9k9F_
208,–ö—É—Ä—Å –ü—Ä–∞–∫—Ç–∏—á–µ—Å–∫–∏–π JavaScript,WebDev —Å –Ω—É–ª—è. –ö–∞–Ω–∞–ª –ê–ª–µ–∫—Å–∞ –õ—É—â–µ–Ω–∫–æ,PLM7wFzahDYnFxysA3eKw3yj3exkw-qFMR
209,JavaScript Interview Questions,Steve Griffith,PLyuRouwmQCjlLW9NjqoBbf9eVaFX4F9UZ
210,ES6 for Beginners - Modern JavaScript,MySirG.com,PL7ersPsTyYt2J6lT_66xNBuUI_tqt5niK
211,JavaScript Tutorijali za Pocetnike,Programiranje Tutorijali,PLDEPU7oft31mUaD7mHfgc1K-KimdwbWCC
212,Unit testing in Javascript,Fun Fun Function,PL0zVEGEvSaeF_zoW9o66wa_UCNE3a7BEr
213,Javascript Projects,Coding Addict,PLnHJACx3NwAey1IiiYmxFbXxieMYqnBKF
214,Form Validation in JavaScript in Hindi 2017,Thapa Technical,PLwGdqUZWnOp0j0wDMDapjCSS6YdPvmUMJ
215,JavaScript Fundamentals,techsith,PL7pEw9n3GkoVYU-ZKBrDnxIiiUn0YP-uO
216,JavaScript Tutorial - Jul 2018 - by Harsha Sir,Durga Software Solutions,PLd3UqWTnYXOnN6jwdv8b2PmG46fkhcsTQ
217,ÿ¢ŸÖŸàÿ≤ÿ¥ ŸÅÿßÿ±ÿ≥€å ÿ¨ÿßŸàÿß ÿßÿ≥⁄©ÿ±€åŸæÿ™ ŸÖŸÇÿØŸÖÿßÿ™€å ÿ™ÿß Ÿæ€åÿ¥ÿ±ŸÅÿ™Ÿá - JavaScript Tutorial,kalagar,PLV6mGBuPqmYuZEAJN7IBxkdNCzKXAGpqD
218,JavaScript,webDev,PLNkWIWHIRwMHKLotIS_d-wyj00pg0AnUg
219,Learn Javascript 2017 (Complete Javascript Course),whatsdev,PLkBfv4fGBau8fiRFU5WytRjXFJmBWhHXQ
220,Javascript FullStack,Fazt Code,PLo5lAe9kQrwq7n_REwpZdfggPCBW2ggnh
221,javaScript 2.Semestar,Danilo Vesovic,PLXNTNfUTUEe5q-sUTFgrIZE0PdPuj7GxV
222,ES6 - Beau teaches JavaScript,freeCodeCamp.org,PLWKjhJtqVAbljtmmeS0c-CEl2LdE-eR_F
223,Java Script,Web Odasƒ±,PLkAqDZGjJrkBZNhFC2o4T_5OA6v_WdnvL
224,Core Javascript Fundamentals,Akshay Saini,PLlasXeu85E9eLVlWFs-nz5PKXJU4f7Fks
225,Vanilla Javascript,Online Tutorials,PL5e68lK9hEzd6RUzREoABqimRI4SY63ND
226,Javascript (ES6) Tutorials in Tamil,Coda - Programming In Tamil,PLB8qmogP8oMwFdeaeThAbsR9Vh-873SWb
227,Mengenal DOM Javascript,Sekolah Koding,PLCZlgfAG0GXCYyHqv8llpZpnTpnCRs94G
228,JavaScript in the Browser,Steve Griffith,PLyuRouwmQCjmQTKvgqIgah03HF1wrYkA9
229,JavaScript for Beginners,Tech With Tim,PLzMcBGfZo4-njtc5xy3qli4cN2zlKsoxd
230,WebDriverIO - JavaScript Tool - By Naveen AutomationLabs,Naveen AutomationLabs,PLFGoYjJG_fqqswF8qDdWNG3b-BtZfiqQn
231,The 5-Day React JavaScript Challenge üåêüíª,Clever Programmer,PL-J2q3Ga50oNQP__onO64kAHX_z0BdLv6
232,Sifirdan JavaScript  Dersleri,Sifirdan Bire Hersey,PLlwCSYvmr0TQdQWsbmRQcLhjTTVWFxLRb
233,Modern JavaScript Bangla Tutorials,JS Bangladesh,PL4iFnndHlduhY_C69D8XSVqG7IOdbzmfb
234,That Weird JavaScript Course,Fireship,PL0vfts4VzfNixzfaQWwDUg3W5TRbE7CyI
235,Introduction to JavaScript,Web Dev Simplified,PLZlA0Gpn_vH9k5ju1yq9qCDqvtuTVgTr6
236,javascript tutorial for beginners in hindi,wap institute,PLfxALjnZodrs67MxOvyK6w9c3bynMrEgY
237,CodeCombat JavaScript Tutorials,techyesplease,PLbsvRhEyGkKfDtnQKI5IKQGSzgqpX-kCz
238,JavaScript Arrays,Steve Griffith,PLyuRouwmQCjnupe_ohQgFvwFZF8dycwK8
239,Javascript Challenges,Coding Addict,PLnHJACx3NwAdQElswAscNtHAZLAQYgpDA
240,Curso de Javascript,Node Studio Treinamentos,PLwXQLZ3FdTVF9Y0RbsuN54XYP7D0dZIlR
241,"Full Stack Web Developer Course - HTML/CSS/JavaScript + NodeJS, Express, and MongoDB",Joshua Bastean,PLQSmIhc0GVPPhpBAC3y6xChtOz3RJ8abN
242,JavaScript Tutorial For Beginners | Edureka,edureka!,PL9ooVrP1hQOGoYVit61V7Y1uPzfnBvN86
243,JavaScript Tutorials,Corey Schafer,PL-osiE80TeTucQUM10Ezv4S7SVoFozLMK
244,JavaScript Tutorial for Beginners &amp; professionals | 2020 | UiBrains | NAVEEN SAGGAM,UiBrains Technologies,PLgp11Hu-N4DT4AdRvvFkuKuqaRCE7rnro
245,JavaScript Course in Tamil,CyberDude Networks Pvt. Ltd.,PL73Obo20O_7ihsIM5K-hHYPrcqkkdQcLa
246,–û—Å–Ω–æ–≤—ã Java Script,ITDoctor,PLuY6eeDuleINjS4_G7KuYThU_T4uzpAuG
247,JavaScript EcmaScript 6 Tutorial,Daily Tuition,PLynWqC6VC9KNTc9rkWl7rRV6gYWOhujhB
248,Tutorial JavaScript Bahasa Indonesia Lengkap,IDStack,PL1aMeb5UP_PGc_FLQa9iD5KkFB9L2cXqF
249,JavaScript (Bangla Tutorial),Habib Pro,PLgV_1MHT7FcTLw8l3pWYWxSuxzu4iufS9
